{"accuracy": [0.5740948915481567, 0.8571164608001709, 0.9089266657829285, 0.9383171200752258, 0.9521303176879883, 0.9640799760818481, 0.9701827764511108, 0.9740237593650818, 0.9786613583564758, 0.9819474816322327], "loss": [1.4618682861328125, 0.45394885540008545, 0.27848145365715027, 0.1880418062210083, 0.14394930005073547, 0.10906507074832916, 0.09194628894329071, 0.0784677118062973, 0.06617706269025803, 0.05490997061133385], "val_accuracy": [0.8564761877059937, 0.8721261024475098, 0.925165057182312, 0.9293763041496277, 0.939847469329834, 0.9450830817222595, 0.9506032466888428, 0.9556112289428711, 0.9647166132926941, 0.9528226852416992], "val_loss": [0.4656659662723541, 0.3924840986728668, 0.23274677991867065, 0.21450908482074738, 0.18332552909851074, 0.17399653792381287, 0.15852408111095428, 0.15037664771080017, 0.11758846044540405, 0.16961270570755005]}